,att_without,delta,removed_matches,removed_treated,team
0,0.040540429831617084,0.009766620396228713,3,63,799
1,0.023383343054945518,-0.007390466380442853,4,76,787
2,0.03669623924281093,0.005922429807422559,3,71,786
3,0.03558699899378514,0.004813189558396769,4,83,789
4,0.02618806918349181,-0.0045857402518965605,5,87,768
5,0.034476281291257266,0.0037024718558688954,5,109,781
6,0.03439317199649732,0.003619362561108952,3,51,794
7,0.034342471668664235,0.003568662233275864,7,131,785
8,0.027549646794723385,-0.0032241626406649855,7,120,779
9,0.03368133356699041,0.0029075241316020364,7,111,788
