,att_without,delta,original_match_id,removed_treated
0,0.0367496097595952,0.005975800324206831,3857297,19
1,0.035547495390406775,0.004773685955018404,3857260,29
2,0.033954213960062846,0.0031804045246744753,3857294,14
3,0.027941714887836238,-0.0028320945475521324,3857301,20
4,0.033588462674230754,0.0028146532388423837,3857256,23
5,0.03339069518772745,0.0026168857523390793,3857258,23
6,0.033326652732041176,0.0025528432966528056,3869684,19
7,0.028500165764079724,-0.0022736436713086464,3857271,19
8,0.028592158864747183,-0.0021816505706411873,3857299,24
9,0.028764412890688883,-0.002009396544699487,3869219,27
