analysis,kind,name,status,att,ci_low,ci_high,n_shots
analysis_0_outcome_model_ridge,outcome_model,ridge,ok,0.03077380943538837,0.006714251159064821,0.05483336771171192,1228
analysis_1_outcome_model_gam,outcome_model,gam,ok,0.02841056880542187,0.003106760032290084,0.05371437757855366,1228
analysis_2_outcome_model_hgb,outcome_model,hgb,ok,0.030022203409836266,0.004562957886450308,0.055481448933222224,1228
analysis_3_horizon_Y5,horizon,Y5,ok,0.03910056755665573,0.015895024422040466,0.062306110691271,1228
analysis_4_horizon_Y10,horizon,Y10,ok,0.03184082009021419,0.008124244142097687,0.055557396038330695,1228
analysis_5_horizon_Y30,horizon,Y30,ok,0.03176682770497057,0.006648982762941395,0.05688467264699975,1228
analysis_6_timing_shot_start,timing,shot_start,ok,0.031036928915394318,0.006866999042516187,0.055206858788272445,1228
analysis_7_population_carry_excluded,population,carry_excluded,ok,0.035839023902583055,0.0037568797665455053,0.06792116803862061,1228
analysis_8_population_visible_disk5,population,visible_disk5,ok,0.0226489034609223,-0.004696347065171431,0.049994153987016024,1175
analysis_9_ablation_local_pressure,ablation,local_pressure,ok,0.03112187031663065,0.007326690073497597,0.0549170505597637,1228
analysis_10_ablation_recent_history,ablation,recent_history,ok,0.030333624332214246,0.004364819948651635,0.056302428715776856,1228
targeted_match_0,targeted_match,remove_match_3857297,ok,0.03859676088338525,0.01655911496570949,0.060634406801061004,1209
targeted_match_1,targeted_match,remove_match_3857260,ok,0.030760382658118576,0.005841578369839201,0.05567918694639795,1199
targeted_match_2,targeted_match,remove_match_3857294,ok,0.033991609231534534,0.012011906635799957,0.05597131182726911,1214
targeted_match_3,targeted_match,remove_match_3857301,ok,0.029818020666356578,0.006112047403649009,0.05352399392906415,1208
targeted_match_4,targeted_match,remove_match_3857256,ok,0.03398654887722127,0.010015126822354163,0.05795797093208838,1205
targeted_team_0,targeted_team,remove_team_799,ok,0.03733210204031662,0.016417290831890332,0.0582469132487429,1165
targeted_team_1,targeted_team,remove_team_787,ok,0.023020147669311198,-0.0008541861296724566,0.04689448146829485,1152
