,eligible_unweighted,supported_unweighted,supported_weighted_saved,key
distance,2.215135680245892,2.185213601066583,0.039775854571090674,True
angle,1.5122221788825394,1.663977928391135,0.07461338097184278,True
x,1.3577263241644815,1.3089876800873885,0.010393120635598588,False
defenders_3m,0.7540471556199037,0.7145220390778428,0.040239748282010324,True
nearest_defender,0.6238008822695711,0.5920912329871815,0.0285881923565467,True
second_defender,0.52719679020388,0.49410562051805806,0.009927619415437572,False
prior_10s_progress,0.20225309845111947,0.1981616042295992,0.013933114609094273,False
prior_10s_actions,0.17325982559324063,0.1616783728178784,0.05433880782672786,False
time_since_prev_action,0.07488769038639967,0.06626041732025097,0.06324854319388663,False
period,0.06242765820089617,0.06126393495318319,0.048658511024254135,False
time_seconds,0.016824338524459217,0.025327180918994427,0.025617094479837694,True
score_difference,0.014190304713473842,0.015890574326962597,0.036451240876274604,True
y,0.008483471561597369,0.007385651254843308,0.009279699698202403,False
