replicate,seed,fitted,known,difference,residual_plugin,outcome_plugin
0,2047381813,-0.0010921539326916414,-0.0035024636526823066,0.0024103097199906654,0.002058165601348731,0.0011174556111240336
1,1724983638,0.007852247980990879,0.006049736777279256,0.0018025112037116228,0.0020844396435965515,0.0012022573549705607
2,324750142,0.004755302232751278,0.0026568418073083834,0.0020984604254428944,0.002156390272991347,0.0011658674083168906
3,4263782421,0.00734473522180447,0.005431332426370337,0.0019134027954341333,0.0021349539450805206,0.001152190352991907
4,1998549610,0.004909910219161704,0.0032380350113471548,0.0016718752078145496,0.002030434134128645,0.0011172762065086678
5,422582633,0.00741290283440144,0.005090140132335323,0.002322762702066117,0.002082916350701081,0.00117000336272582
6,3278708502,0.0024136503072584806,0.00028260010279934633,0.0021310502044591343,0.0020681107190315103,0.0011874350302942178
7,1377462086,-0.00562100665362634,-0.007550722529384142,0.0019297158757578016,0.00205535417993376,0.0011764729455176243
8,1941553357,-0.002703780247682336,-0.004848109451947963,0.0021443292042656274,0.002062131130849274,0.0011585005812066863
9,3773919770,0.008806672321968911,0.007262779198103858,0.001543893123865053,0.0021522051140173293,0.0012036690854687678
10,1901731900,0.007787290343097741,0.006090584805079509,0.0016967055380182321,0.0020014791275043417,0.0011620073770700276
11,1392136417,0.0028088381441221306,0.0009170970996823238,0.0018917410444398068,0.0021427819198877817,0.0012547255290978338
12,1624514627,0.0014326416546355056,-0.00030773238672824905,0.0017403740413637547,0.0021324315691925505,0.0012333802735025395
13,492959843,0.0006892438312958893,-0.0011476125817008918,0.001836856412996781,0.0021678997193861575,0.0012559625422512973
14,906845294,0.0054870605510198706,0.0035519261323314908,0.0019351344186883798,0.002147051551585264,0.001224563675399339
15,1630349284,0.0020919439437820974,0.000364288677982503,0.0017276552657995944,0.002104246687286738,0.0011660598766375543
16,3336189531,-0.004072536819322392,-0.005987737312368656,0.0019152004930462641,0.002147124076794899,0.0012180211635789526
17,2764945816,-0.0011579785161295124,-0.002926888720959206,0.0017689102048296934,0.0021946250132250664,0.0012516351920481361
18,2208568791,0.0017473982349756434,3.084073132963712e-05,0.0017165575036460063,0.0021069287665268113,0.001194875941725399
19,1511370055,0.00046612604555144985,-0.0013125390600040505,0.0017786651055555003,0.0019983514981139574,0.0011266388180242583
20,3806335922,0.00023694495922375045,-0.00161918271525054,0.0018561276744742906,0.002115561671614353,0.0012289685966774117
21,2719759284,-0.002696742487424967,-0.004829924923651295,0.0021331824362263285,0.0021241495270899425,0.0011786495864392647
22,3314563505,-0.0021881075706022737,-0.0040300952980640205,0.0018419877274617469,0.0021418100449294153,0.001166416653960444
23,1529657526,0.0010451194582620819,-0.0009250602056096186,0.0019701796638717005,0.002230490600678939,0.0012730525160192963
24,3701812972,0.007434069787417165,0.005720105665345949,0.001713964122071216,0.0020756259360230076,0.0011902245147710788
25,3478883863,0.005402440430031252,0.003920737766667747,0.0014817026633635044,0.0021661284634359942,0.0012624147233540725
26,456368929,-0.0011536590000498297,-0.0032170404526924946,0.002063381452642665,0.0022123711406561017,0.0012365743941774793
27,95442683,0.00981342649010257,0.008169647979158182,0.0016437785109443877,0.0020301789523536895,0.0012165823547282545
28,245430465,0.0064315444411740235,0.004601527944487741,0.0018300164966862827,0.0022202748907119473,0.0012644466548059198
29,3123626710,0.005470082933180858,0.0036942462690100902,0.0017758366641707681,0.0020969723206782235,0.001197618559912027
30,520092004,0.0011225719840886163,-0.0004765023872961272,0.0015990743713847435,0.0020890905125141,0.0011736255125354474
31,1971783789,-0.004475648939685753,-0.006781177070444295,0.0023055281307585414,0.0021190177768294683,0.0012103411596912077
32,2761055871,0.005666062901494557,0.003586039017302042,0.0020800238841925155,0.002102070492878501,0.0011858833208420385
33,3878234805,0.003314927133595827,0.0013453544449088832,0.001969572688686944,0.002056910039124348,0.0011310893059078425
34,3918177807,0.004171900328814174,0.0023532279027663984,0.0018186724260477755,0.002111136067219216,0.0011673754697808251
35,672998635,0.009027741602434233,0.00746249021748387,0.0015652513849503634,0.0020504056475624576,0.001172333708057631
36,1907775559,-0.0008134843457474729,-0.002915839832618835,0.002102355486871362,0.002124599305654248,0.0012217980444084583
37,4276994596,0.011825902907459173,0.01000352671216207,0.0018223761952971037,0.0020808068093884032,0.0011795703617794332
38,384190344,0.007001065377798093,0.005238668611002646,0.0017623967667954469,0.0021241332738197007,0.0012113059423560165
39,2602619596,-0.004688563428389473,-0.006592165478543993,0.0019036020501545202,0.002116768035427424,0.001220005485581608
40,1615508889,-0.002313148817476614,-0.004414578265874526,0.0021014294483979123,0.0022153767205723082,0.0012452474452256123
41,1739674017,0.000762485983065352,-0.0007864649725266033,0.0015489509555919553,0.0021457720222789714,0.0012326375759751044
42,2243645396,0.003894826233293625,0.002303388334990702,0.0015914378983029232,0.0020992104517680004,0.0011979717300270216
43,71706878,-0.010438713668786268,-0.012141751537140134,0.0017030378683538655,0.002054422240079198,0.0011920218770870373
44,2175018429,-0.006852192869986966,-0.008528439751675521,0.0016762468816885548,0.001995532765057364,0.0011752346326253309
45,506893184,0.004586760933220498,0.00275005033775575,0.001836710595464748,0.002012427594492111,0.0011633052338234674
46,4031151845,0.006151108084423972,0.004450991870950633,0.0017001162134733386,0.002116014615020436,0.001221879238724213
47,920855157,-0.003866108922712121,-0.006079447752355921,0.0022133388296437994,0.0021303033942615037,0.0012376799525088806
48,1979393500,0.007013907423633175,0.0052075211978247545,0.0018063862258084207,0.002145142738608402,0.0012351967368405621
49,4059562731,-0.003373695348217393,-0.005627763158830185,0.002254067810612792,0.002213419532799736,0.0012329667285060142
