kind,name,status,att,ci_low,ci_high,n_shots,control_ess,diagnostics_passed,key_max_smd,other_max_smd,shot_retention,population,interval_excludes_zero
outcome_model,ridge,ok,0.03077380943538837,0.006714251159064821,0.05483336771171192,1228,1005.6084351177168,True,0.07461338097184278,0.0937678873888179,0.9489953632148377,fixed_primary,True
outcome_model,gam,ok,0.02841056880542187,0.003106760032290084,0.05371437757855366,1228,1005.6084351177168,True,0.07461338097184278,0.0937678873888179,0.9489953632148377,fixed_primary,True
outcome_model,hgb,ok,0.030022203409836266,0.004562957886450308,0.055481448933222224,1228,1005.6084351177168,True,0.07461338097184278,0.0937678873888179,0.9489953632148377,fixed_primary,True
horizon,Y5,ok,0.03910056755665573,0.015895024422040466,0.062306110691271,1228,1005.6084351177168,True,0.07461338097184278,0.0937678873888179,0.9489953632148377,fixed_primary,True
horizon,Y10,ok,0.03184082009021419,0.008124244142097687,0.055557396038330695,1228,1005.6084351177168,True,0.07461338097184278,0.0937678873888179,0.9489953632148377,fixed_primary,True
horizon,Y30,ok,0.03176682770497057,0.006648982762941395,0.05688467264699975,1228,1005.6084351177168,True,0.07461338097184278,0.0937678873888179,0.9489953632148377,fixed_primary,True
timing,shot_start,ok,0.031036928915394318,0.006866999042516187,0.055206858788272445,1228,1005.6084351177168,True,0.07461338097184278,0.0937678873888179,0.9489953632148377,fixed_primary,True
population,carry_excluded,ok,0.035839023902583055,0.0037568797665455053,0.06792116803862061,1228,466.4199916760282,False,0.13851814060873374,0.13414074470541137,0.9489953632148377,changed_selected_population,True
population,visible_disk5,ok,0.0226489034609223,-0.004696347065171431,0.049994153987016024,1175,1008.7091000050308,True,0.08794205103602934,0.10559020825496727,0.9890572390572391,changed_selected_population,False
ablation,local_pressure,ok,0.03112187031663065,0.007326690073497597,0.0549170505597637,1228,1037.6059075689832,False,0.10730026125862648,0.08506900717112531,0.9489953632148377,fixed_primary,True
ablation,recent_history,ok,0.030333624332214246,0.004364819948651635,0.056302428715776856,1228,1111.823011663036,True,0.08952841798440313,0.08499492249128303,0.9489953632148377,fixed_primary,True
targeted_match,remove_match_3857297,ok,0.03859676088338525,0.01655911496570949,0.060634406801061004,1209,994.5144862042835,False,0.10318209468894864,0.10827331901521048,0.9497250589159466,changed_selected_population,True
targeted_match,remove_match_3857260,ok,0.030760382658118576,0.005841578369839201,0.05567918694639795,1199,1011.1292457919794,True,0.08857633302177437,0.09408512315417683,0.9485759493670886,changed_selected_population,True
targeted_match,remove_match_3857294,ok,0.033991609231534534,0.012011906635799957,0.05597131182726911,1214,1003.4754556824471,True,0.0792844151561863,0.09338306285311344,0.9506656225528582,changed_selected_population,True
targeted_match,remove_match_3857301,ok,0.029818020666356578,0.006112047403649009,0.05352399392906415,1208,976.9010423511011,True,0.06336656870317751,0.10270583132049872,0.949685534591195,changed_selected_population,True
targeted_match,remove_match_3857256,ok,0.03398654887722127,0.010015126822354163,0.05795797093208838,1205,1008.7995127732564,True,0.09117835640624702,0.09705250262844622,0.9503154574132492,changed_selected_population,True
targeted_team,remove_team_799,ok,0.03733210204031662,0.016417290831890332,0.0582469132487429,1165,978.7328550355012,False,0.11255196532755651,0.10237568272474216,0.9494702526487367,changed_selected_population,True
targeted_team,remove_team_787,ok,0.023020147669311198,-0.0008541861296724566,0.04689448146829485,1152,924.1648697207082,True,0.07091782142986729,0.10230384074271434,0.9489291598023064,changed_selected_population,False
