cohort,label,comparison,arm,status,att,ci_low,ci_high,n_shots,shot_retention,control_ess,top1pct,key_smd_union,other_smd_union,passed_own,oof_auc,se_opponent,se_two_way
development,development_post_hoc,F1,baseline,ok,0.017743389471480044,-0.0021503661238033295,0.03763714506676342,2195.0,1.0,1737.172153824311,0.33859217837551897,0.04466458771716866,0.42499763574030575,True,0.9535600944718825,0.011003527395147232,0.012729279700234611
development,development_post_hoc,F1,plus_A,ok,0.01332919504378449,-0.007921340364860809,0.03457973045242979,2195.0,1.0,1002.6322085828506,0.46740462559987284,0.10911773211664466,0.18707697898703732,False,0.9751864529121839,0.010098291399358576,0.01308991325576414
development,development_post_hoc,F1,plus_A_minus_baseline,difference,-0.004414194427695551,-0.015006769685081125,0.006178380829690024,,,,,,,,,,
development,development_post_hoc,F2,baseline,ok,0.023957232582144175,0.0030773208855499334,0.04483714427873842,1740.0,1.0,1154.134048516168,0.26264005986643457,0.08310256066207812,0.5275156011743016,True,0.9381960181655922,0.011111741270340115,0.013326719616424234
development,development_post_hoc,F2,plus_A,ok,0.016324051004616483,-0.008549373708019212,0.04119747571725218,1740.0,1.0,671.2066560252414,0.3582207032862992,0.1297413038828739,0.5254590831048251,False,0.9667333305264338,0.011057789533728109,0.014321927965448674
development,development_post_hoc,F2,plus_A_B,ok,0.022430212680852702,-0.003668324875414967,0.048528750237120374,1740.0,1.0,504.39287721211724,0.4208349103253606,0.1647171887462986,0.18321457834969923,False,0.9740419185652451,0.011609799033194796,0.015718989567516835
development,development_post_hoc,F2,plus_A_B_minus_baseline,difference,-0.0015270199012914695,-0.018244606973430565,0.015190567170847626,,,,,,,,,,
development,development_post_hoc,F2,plus_A_minus_baseline,difference,-0.007633181577527695,-0.022321637597991377,0.007055274442935985,,,,,,,,,,
development,development_post_hoc,F3,reselected_plus_A,ok,0.011514516577175215,-0.011294962878908665,0.03432399603325909,2186.0,0.9434613724643937,906.9317149062979,0.47909911053914883,0.12510263337291094,0.22981172586774085,False,0.9757127872702233,,
confirmation,post_hoc_exploratory,F1,baseline,ok,0.030766158216690903,0.006708758520272022,0.054823557913109784,1228.0,1.0,1005.6084351177166,0.3505399015843418,0.07461338097184278,0.3837732737841784,True,0.9511242996552296,0.016451333282452112,0.016156190904014055
confirmation,post_hoc_exploratory,F1,plus_A,ok,0.029729640397359855,0.007568951849868062,0.05189032894485165,1228.0,1.0,561.3453219491474,0.4687762164087265,0.1740377292699929,0.15597911906983833,False,0.9735991875080512,0.015290342860241226,0.01720885428137057
confirmation,post_hoc_exploratory,F1,plus_A_minus_baseline,difference,-0.0010365178193310412,-0.01297909662945036,0.010906060990788278,,,,,,,,,,
confirmation,post_hoc_exploratory,F2,baseline,ok,0.035182086555083335,0.0036586149928366993,0.06670555811732998,1006.0,1.0,668.7753511509093,0.2751338363633092,0.06578670175730791,0.5286625607420203,True,0.9371488250791297,0.020952406098235267,0.021141532164086402
confirmation,post_hoc_exploratory,F2,plus_A,ok,0.033666264750470194,0.0075796850269977505,0.059752844473942635,1006.0,1.0,363.94364441109474,0.3737602099750186,0.18796198866199257,0.5950337119864549,False,0.9666570463170986,0.018517523460792912,0.02039050889381344
confirmation,post_hoc_exploratory,F2,plus_A_B,ok,0.0357210144885606,0.0037843476669787157,0.06765768131014248,1006.0,1.0,249.64080866889412,0.4556472657353343,0.3022090020568921,0.22737906972342126,False,0.9748315494077514,0.019545329329780342,0.022178928866129394
confirmation,post_hoc_exploratory,F2,plus_A_B_minus_baseline,difference,0.0005389279334772692,-0.02738995105161518,0.02846780691856972,,,,,,,,,,
confirmation,post_hoc_exploratory,F2,plus_A_minus_baseline,difference,-0.0015158218046131475,-0.017621031475073497,0.014589387865847202,,,,,,,,,,
confirmation,post_hoc_exploratory,F3,reselected_plus_A,ok,0.02923040970089663,0.008084853883703953,0.05037596551808931,1223.0,0.995928338762215,563.6071444842011,0.46585779560892404,0.20924260149082466,0.1956815404474971,False,0.974790868575733,,
